f_product.nm_name;f_product.nm_id
CompuSci;CompuSci
Educationly;Educationly
Grammar Plus;Grammar Plus
Explorer;Explorer
TouchAll;TouchAll
PhoenixSoft;PhoenixSoft
WonderKid;WonderKid
